f1,f2,f3,f4,f5,target,label
0.4676,4.3671,-0.3752,12.0065,1,0.3792,0
1.7285,1.9378,-0.5106,7.6896,1,6.2736,1
0.9688,4.9333,-2.8309,15.2021,1,-0.9095,0
0.1399,3.9483,-1.2787,12.2245,0,-3.7743,0
0.0625,2.7528,0.6921,10.4878,0,0.389,0
0.642,2.8278,1.3634,8.5655,1,3.2455,1
0.0395,6.0165,-1.5694,7.3084,0,-7.789,0
1.6649,7.785,0.5804,13.5917,0,-0.4518,0
-0.1629,3.3727,-2.9906,7.6515,0,-2.9941,0
-0.2168,4.2734,2.8479,13.3396,0,1.3664,0
-0.8705,6.4319,0.814,12.2785,0,-5.696,0
-0.2331,5.585,-1.5532,9.2265,1,-4.845,0
0.6233,6.3858,-0.9687,6.4748,1,-5.6457,0
1.1329,4.7256,-1.9063,13.1514,1,2.8657,1
0.653,5.3091,1.7467,11.9683,1,0.8904,0
-2.993,4.4196,0.2582,9.8955,0,-7.1017,0
-0.4478,8.8794,-2.7132,8.662,1,-10.841,0
-0.9325,5.7801,-0.3616,12.6286,0,-6.1367,0
-1.1729,5.056,2.5459,4.6475,1,-4.3941,0
1.1946,6.2926,1.934,7.4662,0,-1.1496,0
-0.3937,6.4777,-0.3245,9.6345,1,-5.5139,0
-0.1752,5.4726,2.2202,3.6066,1,1.6072,0
-1.1332,2.2788,-2.6559,8.5444,0,-6.4766,0
0.5308,4.6755,0.6454,10.1561,0,-1.1118,0
0.1265,7.8679,-0.8271,10.7313,0,-6.6876,0
-1.0511,0.6,-0.7679,10.3218,1,-1.3183,0
-1.161,6.7312,-1.5023,13.7023,1,-4.9708,0
-2.199,4.5076,-2.2934,10.7313,0,-11.8339,0
0.8199,4.9625,2.4989,8.4677,0,0.6765,0
-2.0434,6.2701,-0.3293,13.8673,1,-6.0462,0
-0.7762,2.2649,0.3,9.3643,0,-0.3828,0
-0.5442,0.5515,0.8262,10.9698,0,0.2081,0
1.7646,4.6694,-1.5796,7.1633,1,1.2468,0
-2.7952,6.1612,-2.2214,10.8265,1,-11.7785,0
1.5931,4.9919,0.1542,10.671,0,-1.4557,0
0.6162,6.2375,-2.555,6.462,0,-5.6642,0
1.2537,2.5842,0.8388,13.2382,1,9.7294,1
-2.0129,4.9276,1.9883,7.4618,0,-7.2611,0
-0.693,7.822,-0.9239,15.9343,0,-8.233,0
-0.0054,7.8397,0.305,11.7999,0,-4.7353,0
-0.6077,4.9803,2.6496,12.491,1,1.6843,0
0.7072,2.8475,1.9514,10.9006,1,4.7635,1
-0.9934,2.2242,-0.5005,7.7377,1,-3.0814,0
-0.5328,3.6801,-1.5307,11.0798,1,-3.5816,0
0.3152,5.3112,-0.3624,7.9833,0,-3.3802,0
-0.61,7.9409,1.4052,15.2354,0,-8.4922,0
0.0806,2.5995,-2.3629,10.0796,1,0.4815,0
0.0059,5.9025,-1.2587,6.9039,0,-4.6245,0
2.0978,3.9979,1.8809,14.385,0,5.298,1
0.0967,2.659,0.0883,7.423,0,-0.6414,0
0.8438,6.0718,-0.2566,10.2311,0,-0.331,0
1.1103,5.7299,2.294,8.0852,0,-1.234,0
0.6088,3.26,2.2947,9.2821,1,1.2072,0
0.3111,5.1818,0.3709,8.3918,1,-0.185,0
-1.6998,4.9091,-1.3217,14.5206,0,-6.9966,0
0.3114,5.6523,-0.7608,13.8194,1,-1.1258,0
0.0208,3.6681,0.0547,9.0865,0,-1.5802,0
-0.4094,1.4836,0.116,13.7632,0,3.9719,1
-0.6484,7.432,-2.025,14.9108,1,-6.331,0
-0.9894,3.6782,0.0583,6.1481,1,-3.3734,0
0.3848,3.2441,1.0428,13.9401,0,1.8353,0
-0.6444,4.1013,0.9335,13.8827,0,-1.9654,0
-0.2366,2.3955,-1.9769,7.1256,1,-2.9216,0
0.9052,7.4199,-2.8106,11.3716,0,-5.7093,0
-0.9711,5.7543,-0.5222,11.0117,1,-3.2502,0
1.1378,2.661,-2.6263,11.3225,1,3.2271,1
1.1408,4.9731,-0.7391,13.2062,1,1.3075,0
-1.4381,4.1394,2.2059,7.7182,1,-5.4366,0
-0.5033,4.1664,-1.5209,7.9998,1,-3.9569,0
0.2072,1.9029,1.1414,6.5783,1,2.7396,1
-0.3071,7.5376,0.2591,12.3834,1,-5.3058,0
1.7341,3.9831,-1.2573,8.8879,1,5.0238,1
1.2975,3.6574,1.484,11.2628,1,7.6633,1
1.4089,3.7389,-2.1764,7.0192,0,-1.925,0
2.0611,6.3614,-1.646,10.1484,1,1.4322,0
-0.0938,4.0986,1.6246,13.791,0,0.346,0
-1.9496,7.5821,2.2704,8.019,1,-8.1092,0
-0.6231,7.5986,2.4476,13.3167,0,-3.6783,0
0.5305,4.3565,2.2935,13.0285,1,6.3503,1
0.1517,3.7521,1.494,11.7236,0,-0.3026,0
1.2934,5.1508,-2.3562,12.4411,1,0.2689,0
0.4121,4.3118,0.0253,9.2196,1,2.8427,1
0.5791,6.8899,-1.4564,11.9123,1,-0.6556,0
-1.5325,3.6096,-1.947,13.9571,1,-6.5463,0
-0.424,4.9183,1.0155,10.658,1,-0.6948,0
0.1077,4.9081,-0.6986,7.7667,1,-1.961,0
-0.5137,8.035,-2.9314,7.3779,0,-12.9531,0
-0.5527,3.0538,-2.0417,7.3434,1,-6.104,0
-0.5229,2.3446,2.6438,8.5732,0,1.3499,0
-1.0914,5.3011,2.933,6.728,1,-1.5606,0
0.0831,1.4044,1.9536,10.3373,0,0.9273,0
-1.21,4.6088,-0.8293,11.2702,0,-6.2015,0
-0.5114,4.4973,-1.0313,8.5208,0,-5.0391,0
-0.2391,2.7329,2.3933,9.0439,0,0.9212,0
-1.101,4.8163,-2.6536,4.7104,0,-8.6046,0
-1.4617,7.2398,1.4748,9.195,1,-7.1193,0
-0.3829,2.6238,-2.6385,16.9077,1,-2.3506,0
1.0051,5.4062,1.6138,10.8246,1,-2.0684,0
-1.4847,7.9897,-0.3088,12.5337,0,-10.513,0
-0.604,2.3142,0.2358,8.42,0,-2.7122,0
0.9983,4.9102,-2.2359,15.6425,0,-0.8719,0
1.105,4.6995,1.3146,7.3969,0,1.0659,0
0.0144,6.8434,-1.3461,14.4527,0,-5.8408,0
1.4393,5.5908,0.6895,15.7927,0,0.952,0
0.1257,5.8875,-2.7985,6.1787,0,-8.484,0
0.01,5.6013,-0.3662,5.1289,0,-6.0724,0
2.0204,9.8929,-1.595,13.4006,1,-3.5619,0
0.168,9.0747,2.9142,6.9282,1,-4.7662,0
2.2593,6.8206,2.2783,13.5746,1,3.749,1
-0.291,4.7869,-0.9335,8.1741,1,-4.418,0
-0.3391,3.0667,-1.2007,11.5046,0,-0.3315,0
0.4943,3.6273,1.2455,12.2855,1,-0.0611,0
1.2505,4.4867,-2.1954,10.0907,0,0.0235,0
1.7113,3.1803,-2.4452,9.6899,1,1.9499,0
-0.9768,6.901,-2.7627,14.8644,0,-7.2771,0
-2.0011,5.5211,-1.0022,10.5083,0,-9.3477,0
0.4855,4.7642,2.9974,7.7832,0,0.3772,0
-0.5891,5.8947,-1.0703,9.3067,1,-3.4658,0
-0.3389,6.7625,2.2969,4.7168,1,-3.6367,0
0.0641,3.2474,-1.7812,9.6465,0,-1.8441,0
-0.0099,4.6389,0.3199,5.865,1,-3.2819,0
0.5149,6.4635,-0.721,11.7649,1,-3.5441,0
-0.0854,8.7095,2.799,7.8077,0,-7.4376,0
-0.1007,3.1473,-2.1602,8.1678,0,-3.5821,0
-1.8898,4.427,-2.554,10.392,0,-9.3932,0
-1.6388,7.0116,-1.6114,9.8919,1,-9.5284,0
-0.9696,6.9836,1.0005,7.4362,1,-7.4251,0
1.2267,5.2433,-0.532,14.7751,1,2.5335,1
1.821,5.3938,1.0442,12.2743,0,-0.4896,0
1.0611,3.7992,-1.5542,8.3297,1,0.067,0
-0.1093,6.9994,-0.7617,6.7845,0,-6.1689,0
-0.5796,8.5695,-2.5163,14.3405,0,-9.5569,0
0.8128,6.0826,0.3162,10.388,0,-1.8262,0
1.6771,6.9185,0.8694,5.965,0,1.9771,0
1.7704,2.246,-1.6214,13.7478,1,4.7193,1
-0.3002,9.5025,1.1066,9.2878,0,-6.6386,0
0.8371,8.5209,-2.9061,10.4452,1,-5.0166,0
0.7606,4.271,0.3837,4.6672,1,-1.2044,0
-1.2229,7.1879,1.743,9.5488,1,-6.4864,0
1.0116,5.7097,2.032,7.232,1,3.1356,1
0.872,4.655,0.8047,10.6869,0,-1.1614,0
-1.4684,8.7465,-0.4089,8.1144,0,-14.0533,0
0.1162,3.3427,-1.5213,12.1213,1,0.7265,0
-0.3381,2.2465,1.4379,9.4207,0,1.086,0
1.0158,4.239,1.5681,11.0267,1,3.8992,1
-1.2069,5.8037,-0.5517,12.766,0,-6.3631,0
-1.4369,2.9957,2.1823,13.0913,0,-1.3938,0
-0.2016,2.4708,2.9564,10.1659,1,5.2644,1
0.3835,6.3848,-1.3896,11.1039,1,-2.2633,0
-1.0122,6.0947,-2.5385,9.9759,1,-6.2535,0
-0.5484,4.2666,-2.3582,7.537,1,-1.1725,0
0.5322,3.3599,2.1732,7.038,0,1.7325,0
-0.4237,7.5839,1.1718,8.14,1,-5.1572,0
0.8141,4.6759,1.1697,6.077,0,-0.7059,0
-0.3722,6.4412,1.7152,5.3984,0,-3.0592,0
-1.051,3.6244,1.0903,2.9457,1,-4.8693,0
0.6424,4.5189,1.7861,10.5552,1,1.7834,0
-0.2547,4.0308,-1.183,9.9708,1,-1.0611,0
0.0953,4.2395,2.9442,6.9895,1,1.3006,0
-1.7026,4.0421,-0.8428,12.9485,0,-7.0328,0
0.584,5.9584,0.9882,12.0733,1,2.0094,1
0.8782,4.6283,1.7774,11.0751,0,1.808,0
-1.2068,4.8379,0.4831,7.0981,1,-5.5485,0
-1.4682,5.694,1.1426,16.1074,1,0.9876,0
0.8213,6.2667,2.7704,15.3169,0,3.7203,1
-0.531,6.4945,1.7056,7.2482,0,-5.7656,0
-1.4297,6.1704,-1.0865,8.3013,0,-6.7583,0
0.9075,5.2593,-2.3438,12.1396,0,-5.5645,0
-1.2607,4.7458,-1.0141,7.0105,1,-5.3093,0
-0.4404,4.0649,0.9438,6.1126,0,-1.8937,0
-1.0068,5.6602,-2.9733,10.5316,0,-7.3464,0
-1.5852,3.3253,0.2213,8.6781,0,-4.4305,0
-0.1545,8.9731,0.1663,7.4046,1,-8.8505,0
-0.79,4.0385,2.0731,5.9288,1,-3.7332,0
1.1651,3.6937,1.0327,9.1436,0,3.0708,1
0.628,7.8073,0.0649,8.5768,1,-3.2723,0
-1.0224,6.0739,0.2243,16.0565,0,-6.534,0
-1.0915,4.2154,-2.1582,8.7032,0,-5.3936,0
1.6349,1.3156,-0.0923,10.998,1,8.6236,1
-0.9789,6.2574,1.2609,8.2967,0,-6.1448,0
0.2007,3.6465,-2.8038,10.3898,1,-0.2776,0
-1.5766,3.6202,-0.0281,6.0968,1,-5.1118,0
0.2926,1.3226,-0.7988,10.3853,1,2.7282,1
-2.9,3.2613,-2.3855,12.4131,1,-10.0406,0
0.1808,4.6376,-1.4231,10.8294,0,-3.4902,0
0.1179,3.5482,1.8642,7.6269,1,0.585,0
0.2758,5.9461,-1.7603,10.2805,1,-2.7641,0
-1.3203,4.4569,-1.9897,12.4746,1,-5.1627,0
1.1486,4.2916,2.4009,10.6449,1,3.593,1
2.729,1.9442,2.2023,14.203,0,12.6642,1
0.535,6.4019,-1.5147,11.6616,0,-5.3047,0
-0.6994,4.2603,-0.5146,5.9406,0,-4.8587,0
-1.364,6.9083,1.1682,12.3699,1,-6.7055,0
-0.0328,5.1245,1.6448,9.4734,1,-2.9899,0
-1.0235,2.6828,2.1006,10.8552,1,-0.7898,0
0.5295,2.9168,-1.0628,9.2087,0,1.5825,0
-1.0545,4.0693,-0.9376,9.6114,0,-5.8168,0
-1.3362,2.2878,-2.9023,11.5892,1,-3.8082,0
2.5182,5.0214,-1.7861,9.3995,1,2.4217,1
1.2575,8.9073,-1.3559,8.7149,1,-5.4555,0
