day,S,I,R,beta,gamma,new_infected
0,990,10,0,0.3,0.08,2.97
1,987.03,12.17,0.8,0.3,0.08,3.6
2,983.43,14.8,1.77,0.3,0.08,4.37
3,979.06,17.98,2.96,0.3,0.08,5.28
4,973.78,21.83,4.4,0.3,0.08,6.38
5,967.4,26.46,6.14,0.3,0.08,7.68
6,959.72,32.02,8.26,0.3,0.08,9.22
7,950.51,38.67,10.82,0.3,0.08,11.03
8,939.48,46.61,13.91,0.3,0.08,13.14
9,926.34,56.02,17.64,0.3,0.08,15.57
10,910.77,67.1,22.12,0.3,0.08,18.33
11,892.44,80.07,27.49,0.3,0.08,21.44
12,871.0,95.1,33.9,0.3,0.08,24.85
13,846.15,112.34,41.51,0.3,0.08,28.52
14,817.64,131.87,50.49,0.3,0.08,32.35
15,785.29,153.67,61.04,0.3,0.08,36.2
16,749.09,177.58,73.34,0.3,0.08,39.91
17,709.18,203.28,87.54,0.3,0.08,43.25
18,665.94,230.26,103.8,0.3,0.08,46.0
19,619.93,257.84,122.22,0.3,0.08,47.95
20,571.98,285.17,142.85,0.3,0.08,48.93
21,523.05,311.29,165.67,0.3,0.08,48.85
22,474.2,335.23,190.57,0.3,0.08,47.69
23,426.51,356.1,217.39,0.3,0.08,45.56
24,380.95,373.18,245.87,0.3,0.08,42.65
25,338.3,385.97,275.73,0.3,0.08,39.17
26,299.13,394.27,306.61,0.3,0.08,35.38
27,263.75,398.11,338.15,0.3,0.08,31.5
28,232.25,397.76,370.0,0.3,0.08,27.71
29,204.53,393.65,401.82,0.3,0.08,24.15
30,180.38,386.31,433.31,0.3,0.08,20.9
31,159.47,376.31,464.21,0.3,0.08,18.0
32,141.47,364.21,494.32,0.3,0.08,15.46
33,126.01,350.53,523.46,0.3,0.08,13.25
34,112.76,335.74,551.5,0.3,0.08,11.36
35,101.4,320.24,578.36,0.3,0.08,9.74
36,91.66,304.36,603.98,0.3,0.08,8.37
37,83.29,288.38,628.33,0.3,0.08,7.21
38,76.09,272.52,651.4,0.3,0.08,6.22
39,69.87,256.94,673.2,0.3,0.08,5.39
40,64.48,241.77,693.75,0.3,0.08,4.68
41,59.8,227.1,713.09,0.3,0.08,4.07
42,55.73,213.01,731.26,0.3,0.08,3.56
43,52.17,199.53,748.3,0.3,0.08,3.12
44,49.05,186.69,764.27,0.3,0.08,2.75
45,46.3,174.5,779.2,0.3,0.08,2.42
46,43.87,162.96,793.16,0.3,0.08,2.15
47,41.73,152.07,806.2,0.3,0.08,1.9
48,39.83,141.81,818.36,0.3,0.08,1.69
49,38.13,132.16,829.71,0.3,0.08,1.51
50,36.62,123.1,840.28,0.3,0.08,1.35
51,35.27,114.6,850.13,0.3,0.08,1.21
52,34.05,106.65,859.3,0.3,0.08,1.09
53,32.97,99.21,867.83,0.3,0.08,0.98
54,31.98,92.25,875.77,0.3,0.08,0.89
55,31.1,85.76,883.15,0.3,0.08,0.8
56,30.3,79.7,890.01,0.3,0.08,0.72
57,29.57,74.04,896.38,0.3,0.08,0.66
58,28.92,68.78,902.31,0.3,0.08,0.6
59,28.32,63.87,907.81,0.3,0.08,0.54
60,27.78,59.3,912.92,0.3,0.08,0.49
61,27.28,55.05,917.66,0.3,0.08,0.45
62,26.83,51.1,922.07,0.3,0.08,0.41
63,26.42,47.42,926.15,0.3,0.08,0.38
64,26.05,44.01,929.95,0.3,0.08,0.34
65,25.7,40.83,933.47,0.3,0.08,0.31
66,25.39,37.88,936.73,0.3,0.08,0.29
67,25.1,35.14,939.76,0.3,0.08,0.26
68,24.83,32.59,942.58,0.3,0.08,0.24
69,24.59,30.23,945.18,0.3,0.08,0.22
70,24.37,28.03,947.6,0.3,0.08,0.2
71,24.16,25.99,949.84,0.3,0.08,0.19
72,23.98,24.1,951.92,0.3,0.08,0.17
73,23.8,22.35,953.85,0.3,0.08,0.16
74,23.64,20.72,955.64,0.3,0.08,0.15
75,23.5,19.21,957.3,0.3,0.08,0.14
76,23.36,17.81,958.83,0.3,0.08,0.12
77,23.24,16.51,960.26,0.3,0.08,0.12
78,23.12,15.3,961.58,0.3,0.08,0.11
79,23.01,14.18,962.8,0.3,0.08,0.1
80,22.92,13.15,963.94,0.3,0.08,0.09
81,22.83,12.19,964.99,0.3,0.08,0.08
82,22.74,11.29,965.96,0.3,0.08,0.08
83,22.67,10.47,966.87,0.3,0.08,0.07
84,22.59,9.7,967.7,0.3,0.08,0.07
85,22.53,8.99,968.48,0.3,0.08,0.06
86,22.47,8.33,969.2,0.3,0.08,0.06
87,22.41,7.72,969.87,0.3,0.08,0.05
88,22.36,7.16,970.48,0.3,0.08,0.05
89,22.31,6.63,971.06,0.3,0.08,0.04
90,22.27,6.15,971.59,0.3,0.08,0.04
91,22.23,5.7,972.08,0.3,0.08,0.04
92,22.19,5.28,972.53,0.3,0.08,0.04
93,22.15,4.89,972.96,0.3,0.08,0.03
94,22.12,4.53,973.35,0.3,0.08,0.03
95,22.09,4.2,973.71,0.3,0.08,0.03
96,22.06,3.89,974.05,0.3,0.08,0.03
97,22.04,3.61,974.36,0.3,0.08,0.02
98,22.01,3.34,974.65,0.3,0.08,0.02
99,21.99,3.1,974.91,0.3,0.08,0.02
100,21.97,2.87,975.16,0.3,0.08,0.02
101,21.95,2.66,975.39,0.3,0.08,0.02
102,21.93,2.46,975.6,0.3,0.08,0.02
103,21.92,2.28,975.8,0.3,0.08,0.02
104,21.9,2.11,975.98,0.3,0.08,0.01
105,21.89,1.96,976.15,0.3,0.08,0.01
106,21.88,1.82,976.31,0.3,0.08,0.01
107,21.86,1.68,976.45,0.3,0.08,0.01
108,21.85,1.56,976.59,0.3,0.08,0.01
109,21.84,1.44,976.71,0.3,0.08,0.01
110,21.83,1.34,976.83,0.3,0.08,0.01
111,21.82,1.24,976.94,0.3,0.08,0.01
112,21.82,1.15,977.03,0.3,0.08,0.01
113,21.81,1.06,977.13,0.3,0.08,0.01
114,21.8,0.99,977.21,0.3,0.08,0.01
115,21.8,0.91,977.29,0.3,0.08,0.01
116,21.79,0.85,977.36,0.3,0.08,0.01
117,21.78,0.78,977.43,0.3,0.08,0.01
118,21.78,0.73,977.49,0.3,0.08,0.0
119,21.77,0.67,977.55,0.3,0.08,0.0
