grid,row,col,value
density,0,0,0.0
density,0,1,0.0
density,0,2,0.0
density,0,3,0.0
density,0,4,0.0
density,0,5,0.0
density,0,6,0.0
density,0,7,0.0
density,0,8,0.0
density,0,9,0.0
density,0,10,0.0
density,0,11,0.0
density,0,12,0.0
density,0,13,0.0
density,0,14,0.0
density,0,15,0.0
density,0,16,0.0
density,0,17,0.0
density,0,18,0.0
density,0,19,0.0
density,0,20,0.0
density,0,21,0.0
density,0,22,0.0
density,0,23,0.0
density,0,24,0.0
density,0,25,0.0
density,0,26,0.0
density,0,27,0.0
density,0,28,0.0
density,0,29,0.0
density,0,30,0.0
density,0,31,0.0
density,0,32,0.0
density,0,33,0.0
density,1,0,0.0
density,1,1,3.832868607004099e-32
density,1,2,6.451171453908182e-31
density,1,3,1.1455472635485862e-30
density,1,4,1.2934289926916248e-27
density,1,5,3.08588020281347e-23
density,1,6,1.0446643103712625e-21
density,1,7,1.051458010305841e-21
density,1,8,1.056885351768892e-21
density,1,9,1.0625668455272955e-21
density,1,10,1.068311884810586e-21
density,1,11,1.0741959855540573e-21
density,1,12,1.0803131490942689e-21
density,1,13,1.0873773847697699e-21
density,1,14,1.0952029065717557e-21
density,1,15,1.103332032210244e-21
density,1,16,1.1113901177011877e-21
density,1,17,1.1212628481952964e-21
density,1,18,6.048995321012405e-22
density,1,19,5.374554235619169e-18
density,1,20,2.9792243821980885e-17
density,1,21,2.979287243397204e-17
density,1,22,2.9793035435069184e-17
density,1,23,2.979294507983498e-17
density,1,24,2.979265144795192e-17
density,1,25,2.979216711038175e-17
density,1,26,2.979147089270373e-17
density,1,27,2.979048329889768e-17
density,1,28,2.9789084511239056e-17
density,1,29,2.92168345739025e-17
density,1,30,5.5072159389806895e-15
density,1,31,1.0471208872479307e-18
density,1,32,2.411285084603242e-20
density,1,33,0.0
density,2,0,0.0
density,2,1,1.4730769064985544e-28
density,2,2,3.328663509223429e-28
density,2,3,1.3267236552949955e-27
density,2,4,2.883984224985046e-27
density,2,5,1.0437492122323189e-21
density,2,6,1.049986203092886e-21
density,2,7,1.0543927107266763e-21
density,2,8,1.0592213028054802e-21
density,2,9,1.0642509971309168e-21
density,2,10,1.0695236008082782e-21
density,2,11,1.0749429052878107e-21
density,2,12,1.08057627970088e-21
density,2,13,1.0870401603996671e-21
density,2,14,1.0940835362884792e-21
density,2,15,1.1013351640411147e-21
density,2,16,1.1085089144086224e-21
density,2,17,1.1148060277042063e-21
density,2,18,1.1270308364168512e-21
density,2,19,2.979445584823079e-17
density,2,20,2.979407951761987e-17
density,2,21,2.9793825887433144e-17
density,2,22,2.9793519416192893e-17
density,2,23,2.9793198604113275e-17
density,2,24,2.979287062160761e-17
density,2,25,2.979255970740134e-17
density,2,26,2.9792291793917727e-17
density,2,27,2.979206720720961e-17
density,2,28,2.984073204396102e-17
density,2,29,1.0562066459085115e-16
density,2,30,6.104447163015477e-11
density,2,31,1.144642341718125e-16
density,2,32,1.332776888499503e-16
density,2,33,0.0
density,3,0,0.0
density,3,1,2.7963616240297007e-24
density,3,2,8.089579574868164e-23
density,3,3,8.089579763858078e-23
density,3,4,8.089579859654359e-23
density,3,5,8.089579883089357e-23
density,3,6,1.05107483616654e-21
density,3,7,1.056469105741769e-21
density,3,8,1.0609103914717237e-21
density,3,9,1.0656344556009463e-21
density,3,10,1.070528223017749e-21
density,3,11,1.0755712968430356e-21
density,3,12,1.080811646848392e-21
density,3,13,1.0867868330474758e-21
density,3,14,1.0932851610646828e-21
density,3,15,1.0999293177204517e-21
density,3,16,1.1065740026087184e-21
density,3,17,1.1132800035452209e-21
density,3,18,1.1237149601576604e-21
density,3,19,2.979451879695172e-17
density,3,20,2.979401783198789e-17
density,3,21,2.979376402823388e-17
density,3,22,2.979347267434869e-17
density,3,23,2.979317249381234e-17
density,3,24,2.979287154846348e-17
density,3,25,2.9792594800039705e-17
density,3,26,2.979236856877972e-17
density,3,27,2.979231506764286e-17
density,3,28,3.0626542006236834e-17
density,3,29,6.140339632239062e-11
density,3,30,6.137885457767409e-11
density,3,31,6.123225902051264e-11
density,3,32,1.4995084328423461e-12
density,3,33,0.0
density,4,0,0.0
density,4,1,8.089517633447472e-23
density,4,2,8.089579891927991e-23
density,4,3,8.089579984224221e-23
density,4,4,8.089580055775813e-23
density,4,5,8.089580098892371e-23
density,4,6,8.089580291500053e-23
density,4,7,1.0571216523494846e-21
density,4,8,1.0626415967557024e-21
density,4,9,1.0669640240384754e-21
density,4,10,1.0715296764227108e-21
density,4,11,1.0761988666289897e-21
density,4,12,1.0810308079584272e-21
density,4,13,1.0865805349557975e-21
density,4,14,1.092585213644959e-21
density,4,15,1.0987870033079533e-21
density,4,16,1.1051101791262864e-21
density,4,17,1.125697749638336e-21
density,4,18,1.3158805567319871e-21
density,4,19,2.993646981099344e-17
density,4,20,2.979402851391105e-17
density,4,21,2.979372601724268e-17
density,4,22,2.9793444703869254e-17
density,4,23,2.9793161537834135e-17
density,4,24,2.979288528803063e-17
density,4,25,2.979272603336555e-17
density,4,26,2.980181512225629e-17
density,4,27,3.0537815325398885e-17
density,4,28,6.169550297126954e-11
density,4,29,6.16419730756203e-11
density,4,30,6.156065206092265e-11
density,4,31,6.149941870906026e-11
density,4,32,6.132037373139483e-11
density,4,33,0.0
density,5,0,0.0
density,5,1,8.089579916485025e-23
density,5,2,8.089580079830133e-23
density,5,3,8.089580155391799e-23
density,5,4,8.089580217438436e-23
density,5,5,8.089580270983358e-23
density,5,6,8.089580368752167e-23
density,5,7,8.089580531966391e-23
density,5,8,1.0629242668293146e-21
density,5,9,1.0683963014087328e-21
density,5,10,1.0724699548154915e-21
density,5,11,1.0767868194041848e-21
density,5,12,1.0812265409138344e-21
density,5,13,1.086353725149123e-21
density,5,14,1.1195689834775027e-21
density,5,15,1.1595576980784043e-21
density,5,16,1.1653406033999522e-21
density,5,17,1.2691713285554205e-21
density,5,18,1.1058841833049925e-18
density,5,19,3.139052513042326e-17
density,5,20,2.9794395447257716e-17
density,5,21,2.9793690409458155e-17
density,5,22,2.9793431171011645e-17
density,5,23,2.97931526090673e-17
density,5,24,2.9792894663892353e-17
density,5,25,2.979291017699501e-17
density,5,26,3.0239592729057743e-17
density,5,27,6.199212162287372e-11
density,5,28,6.193895768006288e-11
density,5,29,6.184430629687318e-11
density,5,30,6.176293394218279e-11
density,5,31,6.168402083001246e-11
density,5,32,6.15768281120504e-11
density,5,33,0.0
density,6,0,0.0
density,6,1,8.089580166111463e-23
density,6,2,8.089580301106579e-23
density,6,3,8.089580358900906e-23
density,6,4,8.089580412292225e-23
density,6,5,8.089580462481458e-23
density,6,6,8.089580586092072e-23
density,6,7,8.089580802189451e-23
density,6,8,8.089581101276431e-23
density,6,9,1.0682100679283902e-21
density,6,10,1.0735029838339712e-21
density,6,11,1.0773161254199801e-21
density,6,12,1.0813537932981394e-21
density,6,13,1.0860992560514744e-21
density,6,14,1.1831839700412478e-21
density,6,15,1.3612045198234086e-21
density,6,16,2.0165457658984283e-21
density,6,17,1.9001966946826223e-16
density,6,18,4.356261717391073e-10
density,6,19,4.3505511740682365e-10
density,6,20,4.3364609555711997e-10
density,6,21,2.999830004511729e-17
density,6,22,2.990935667283441e-17
density,6,23,3.0011802326379155e-17
density,6,24,3.023576658872451e-17
density,6,25,3.126734803725481e-17
density,6,26,6.228907759727479e-11
density,6,27,6.22384485449197e-11
density,6,28,6.214590821669582e-11
density,6,29,6.205883562507483e-11
density,6,30,6.197904947532936e-11
density,6,31,6.190146928563471e-11
density,6,32,6.180449259965757e-11
density,6,33,0.0
density,7,0,0.0
density,7,1,8.089580445264462e-23
density,7,2,8.089580549286823e-23
density,7,3,8.089580590394187e-23
density,7,4,8.089580630189908e-23
density,7,5,8.089580668639205e-23
density,7,6,8.089580824843705e-23
density,7,7,8.089581070777808e-23
density,7,8,8.089581418251934e-23
density,7,9,8.08958203615715e-23
density,7,10,1.072924969935545e-21
density,7,11,1.0780254165510402e-21
density,7,12,1.1251189813030371e-21
density,7,13,1.267824582340088e-21
density,7,14,3.43329360775203e-19
density,7,15,2.8001292764360326e-18
density,7,16,4.3819986168146327e-10
density,7,17,4.3818330008938126e-10
density,7,18,4.381782481607949e-10
density,7,19,4.3766868156946014e-10
density,7,20,4.3702574694488366e-10
density,7,21,4.357799304772529e-10
density,7,22,6.264641723922066e-11
density,7,23,6.261553193704828e-11
density,7,24,6.26089948030201e-11
density,7,25,6.257993773326962e-11
density,7,26,6.253454561150908e-11
density,7,27,6.244158681534992e-11
density,7,28,6.235940719301618e-11
density,7,29,6.228151319822606e-11
density,7,30,6.220972966629926e-11
density,7,31,6.214244930864739e-11
density,7,32,6.206317832069374e-11
density,7,33,0.0
density,8,0,0.0
density,8,1,8.089580738928612e-23
density,8,2,8.089580815056076e-23
density,8,3,8.089580839478102e-23
density,8,4,8.089580863210649e-23
density,8,5,8.089580886362282e-23
density,8,6,8.089581080033742e-23
density,8,7,8.089581364498117e-23
density,8,8,8.089581766504955e-23
density,8,9,8.089582210864517e-23
density,8,10,8.08958287212898e-23
density,8,11,1.0772117450194802e-21
density,8,12,1.2130811853739191e-21
density,8,13,7.718404722482857e-20
density,8,14,4.4379812361279576e-10
density,8,15,4.4298514394315974e-10
density,8,16,4.423777977019607e-10
density,8,17,4.4148624326041996e-10
density,8,18,4.4038761140494354e-10
density,8,19,4.397836097320277e-10
density,8,20,4.393402351878146e-10
density,8,21,4.395906128041623e-10
density,8,22,4.3805608781850355e-10
density,8,23,6.281296932447097e-11
density,8,24,6.279390768384821e-11
density,8,25,6.27725120784152e-11
density,8,26,6.270595794899505e-11
density,8,27,6.26387010552127e-11
density,8,28,6.257282364102247e-11
density,8,29,6.250960816002889e-11
density,8,30,6.245062633205687e-11
density,8,31,6.239547000006467e-11
density,8,32,6.233284482699983e-11
density,8,33,0.0
density,9,0,0.0
density,9,1,8.089581046492081e-23
density,9,2,8.089581096294336e-23
density,9,3,8.089581101787199e-23
density,9,4,8.089581106393699e-23
density,9,5,8.089581110214827e-23
density,9,6,8.089581341860492e-23
density,9,7,8.089581671504782e-23
density,9,8,8.089582125920953e-23
density,9,9,8.09120363669498e-23
density,9,10,8.097425877180664e-23
density,9,11,8.124713295059853e-23
density,9,12,1.8383024298991487e-18
density,9,13,4.54491294159176e-10
density,9,14,4.5349953024442247e-10
density,9,15,4.5135856449263533e-10
density,9,16,4.482891912187273e-10
density,9,17,4.4642435101748156e-10
density,9,18,4.4519157243363304e-10
density,9,19,4.444054715098199e-10
density,9,20,4.439016026251451e-10
density,9,21,4.437634294544677e-10
density,9,22,4.4259391118380306e-10
density,9,23,6.298209959109364e-11
density,9,24,6.29431565305376e-11
density,9,25,6.292001608667569e-11
density,9,26,6.288125941831708e-11
density,9,27,6.283576867850931e-11
density,9,28,6.278765788318858e-11
density,9,29,6.274120356112471e-11
density,9,30,6.26964647080177e-11
density,9,31,6.265590840608434e-11
density,9,32,6.260964584833474e-11
density,9,33,0.0
density,10,0,0.0
density,10,1,8.089581369750753e-23
density,10,2,8.089581393504595e-23
density,10,3,8.089581377707394e-23
density,10,4,8.089581360535465e-23
density,10,5,8.089581341448996e-23
density,10,6,8.089581605428312e-23
density,10,7,8.089581985502071e-23
density,10,8,8.08958250353618e-23
density,10,9,8.094798714834788e-23
density,10,10,8.110647108181909e-23
density,10,11,1.3911416677338253e-21
density,10,12,5.048043466421456e-10
density,10,13,4.817966309796289e-10
density,10,14,4.697787182833416e-10
density,10,15,4.6258623657489815e-10
density,10,16,4.573664033055614e-10
density,10,17,4.538247527044523e-10
density,10,18,4.521644133828641e-10
density,10,19,4.512286426925216e-10
density,10,20,4.5079319812247593e-10
density,10,21,4.507300242811532e-10
density,10,22,4.506204221144202e-10
density,10,23,6.31394800902129e-11
density,10,24,6.310527219188049e-11
density,10,25,6.308736601217569e-11
density,10,26,6.306402679376803e-11
density,10,27,6.303556952520373e-11
density,10,28,6.300545653954892e-11
density,10,29,6.297490458809883e-11
density,10,30,6.294629365097955e-11
density,10,31,6.292006814502468e-11
density,10,32,6.289058148399995e-11
density,10,33,0.0
density,11,0,0.0
density,11,1,8.089584139559185e-23
density,11,2,8.089583895055503e-23
density,11,3,8.089583672249689e-23
density,11,4,8.089583451100983e-23
density,11,5,8.089583225514045e-23
density,11,6,8.089615685113616e-23
density,11,7,8.089656432405488e-23
density,11,8,8.103849176875659e-23
density,11,9,1.3372544014015716e-22
density,11,10,6.709936188662826e-22
density,11,11,6.100026349605228e-10
density,11,12,5.750375508519434e-10
density,11,13,5.251498618406073e-10
density,11,14,4.980445809726194e-10
density,11,15,4.829215914747481e-10
density,11,16,4.745990292159116e-10
density,11,17,4.689822263169592e-10
density,11,18,4.674406702456796e-10
density,11,19,4.669854336817927e-10
density,11,20,4.673471749771254e-10
density,11,21,4.684686446488994e-10
density,11,22,4.712236039046301e-10
density,11,23,6.329144447376634e-11
density,11,24,6.326717999936265e-11
density,11,25,6.326154520378608e-11
density,11,26,6.325274900179572e-11
density,11,27,6.323955175829261e-11
density,11,28,6.322395904387838e-11
density,11,29,6.321005284439049e-11
density,11,30,6.319603126818833e-11
density,11,31,6.318372484620654e-11
density,11,32,6.31701486891962e-11
density,11,33,0.0
density,12,0,0.0
density,12,1,8.08960619164036e-23
density,12,2,8.0896024025903e-23
density,12,3,8.089598958712506e-23
density,12,4,8.089595442230139e-23
density,12,5,8.089591272020191e-23
density,12,6,8.090842296171228e-23
density,12,7,8.089754904897566e-23
density,12,8,8.124788602838689e-23
density,12,9,3.3143824307086535e-22
density,12,10,4.1636066944515205e-18
density,12,11,7.20723096261524e-10
density,12,12,6.35739035894191e-10
density,12,13,5.838473938562115e-10
density,12,14,5.475304443037248e-10
density,12,15,5.240501377401919e-10
density,12,16,5.075284915347838e-10
density,12,17,4.967760627900459e-10
density,12,18,4.95053099570545e-10
density,12,19,4.956778985702599e-10
density,12,20,4.985139946062054e-10
density,12,21,5.039684669634227e-10
density,12,22,5.184494113206092e-10
density,12,23,6.34489340612982e-11
density,12,24,6.340271675503139e-11
density,12,25,6.342667144782252e-11
density,12,26,6.34304947352528e-11
density,12,27,6.34263792552712e-11
density,12,28,6.341973001056375e-11
density,12,29,6.341238890314445e-11
density,12,30,6.340666348359536e-11
density,12,31,6.340292245535167e-11
density,12,32,6.340090337610993e-11
density,12,33,0.0
density,13,0,0.0
density,13,1,8.089649152238217e-23
density,13,2,8.089640111874134e-23
density,13,3,8.089635372774205e-23
density,13,4,8.089630567753118e-23
density,13,5,8.089623312622233e-23
density,13,6,8.102979597427163e-23
density,13,7,8.123814489767125e-23
density,13,8,1.0631143919968294e-21
density,13,9,4.741087992322931e-18
density,13,10,9.231080609536786e-10
density,13,11,8.356082279994184e-10
density,13,12,7.506209062180452e-10
density,13,13,6.815140281842688e-10
density,13,14,6.273646094402951e-10
density,13,15,5.887856559157278e-10
density,13,16,5.609204829470684e-10
density,13,17,5.430688631100231e-10
density,13,18,5.414903581820379e-10
density,13,19,5.443619419662424e-10
density,13,20,5.508911965131865e-10
density,13,21,5.626641028009978e-10
density,13,22,5.820929476026865e-10
density,13,23,5.793272729958137e-10
density,13,24,6.358077119897805e-11
density,13,25,6.3599372249187e-11
density,13,26,6.360344128294035e-11
density,13,27,6.360089136258578e-11
density,13,28,6.359588985962557e-11
density,13,29,6.359203170007077e-11
density,13,30,6.359116969495708e-11
density,13,31,6.359362026980021e-11
density,13,32,6.360098364548572e-11
density,13,33,0.0
density,14,0,0.0
density,14,1,8.089719730109572e-23
density,14,2,8.089718423988493e-23
density,14,3,8.089715578930614e-23
density,14,4,8.089916448461896e-23
density,14,5,8.10106756069154e-23
density,14,6,9.363266105637431e-23
density,14,7,3.2154304045615676e-22
density,14,8,1.1461748537496706e-09
density,14,9,1.076670630690103e-09
density,14,10,1.0429052367774675e-09
density,14,11,9.53849403959841e-10
density,14,12,8.736914857278391e-10
density,14,13,7.976927251216834e-10
density,14,14,7.333476744809681e-10
density,14,15,6.811990628042607e-10
density,14,16,6.421195185818915e-10
density,14,17,6.162848440600726e-10
density,14,18,6.142027114877631e-10
density,14,19,6.177334142247386e-10
density,14,20,6.249251060131385e-10
density,14,21,6.337346958904866e-10
density,14,22,6.403126751583886e-10
density,14,23,6.391136694545877e-10
density,14,24,6.378225766912792e-11
density,14,25,6.376794677593802e-11
density,14,26,6.376617127180939e-11
density,14,27,6.375964261955345e-11
density,14,28,6.375196966627578e-11
density,14,29,6.374855950500416e-11
density,14,30,6.375152361765174e-11
density,14,31,6.375805297107232e-11
density,14,32,6.377352880420987e-11
density,14,33,0.0
density,15,0,0.0
density,15,1,8.08974663948305e-23
density,15,2,8.089789816137566e-23
density,15,3,8.089792040983712e-23
density,15,4,8.089799253050898e-23
density,15,5,8.116159060334502e-23
density,15,6,8.1397356162089e-23
density,15,7,3.3727670703272222e-21
density,15,8,1.1741065911631685e-09
density,15,9,1.1270036566326657e-09
density,15,10,1.0949297301498478e-09
density,15,11,1.0415642407123925e-09
density,15,12,9.803474826761658e-10
density,15,13,9.171211856153913e-10
density,15,14,8.57769611111984e-10
density,15,15,8.034243249856309e-10
density,15,16,7.596839182392008e-10
density,15,17,7.293851765026099e-10
density,15,18,7.182520479747884e-10
density,15,19,7.142853690490637e-10
density,15,20,7.099691600715888e-10
density,15,21,7.048596769788473e-10
density,15,22,6.999215802302745e-10
density,15,23,6.912016373567917e-10
density,15,24,6.395695016565557e-11
density,15,25,6.389354300239216e-11
density,15,26,6.390566895729944e-11
density,15,27,6.38946128766633e-11
density,15,28,6.387834217725691e-11
density,15,29,6.387370443731184e-11
density,15,30,6.388248519511519e-11
density,15,31,6.389274476252449e-11
density,15,32,6.39149340496103e-11
density,15,33,0.0
density,16,0,0.0
density,16,1,1.2336115582163513e-23
density,16,2,8.090020031154347e-23
density,16,3,8.094871045453208e-23
density,16,4,8.1032448879641e-23
density,16,5,6.582887789782652e-22
density,16,6,1.307085240986338e-21
density,16,7,2.6251515957985333e-15
density,16,8,1.1939266909465123e-09
density,16,9,1.1524531711128184e-09
density,16,10,1.1447235454413417e-09
density,16,11,1.10701054050274e-09
density,16,12,1.0539712887556048e-09
density,16,13,9.947479286122306e-10
density,16,14,9.3607782507727e-10
density,16,15,8.813926160231924e-10
density,16,16,8.340388794961434e-10
density,16,17,7.960541600640803e-10
density,16,18,7.725317195929815e-10
density,16,19,7.555085598022346e-10
density,16,20,7.415971976745057e-10
density,16,21,7.295695183426848e-10
density,16,22,7.188645238444869e-10
density,16,23,7.092108544417986e-10
density,16,24,6.859102911435142e-10
density,16,25,6.403801663255491e-11
density,16,26,6.403270412126955e-11
density,16,27,6.401090131518305e-11
density,16,28,6.397162368041548e-11
density,16,29,6.396453774360447e-11
density,16,30,6.398881187741084e-11
density,16,31,6.399250036889815e-11
density,16,32,6.40421492609789e-11
density,16,33,0.0
density,17,0,0.0
density,17,1,3.1314705332245424e-27
density,17,2,1.223958423899835e-26
density,17,3,1.223955358624834e-26
density,17,4,1.223953270631811e-26
density,17,5,8.379343964175854e-26
density,17,6,1.856154285913767e-25
density,17,7,1.790106836682274e-21
density,17,8,1.2888537009049344e-09
density,17,9,1.1820182755192433e-09
density,17,10,1.1896229938668906e-09
density,17,11,1.1646500063111473e-09
density,17,12,1.1186150214352983e-09
density,17,13,1.0620355058038594e-09
density,17,14,1.003394351119526e-09
density,17,15,9.457966186294014e-10
density,17,16,8.925490669124811e-10
density,17,17,8.465203973552745e-10
density,17,18,8.121878390970734e-10
density,17,19,7.863070492565177e-10
density,17,20,7.647211098594726e-10
density,17,21,7.464064530675015e-10
density,17,22,7.308648674603997e-10
density,17,23,7.165851979485801e-10
density,17,24,6.950805148400116e-10
density,17,25,6.418790775580275e-11
density,17,26,6.415831536182032e-11
density,17,27,6.412581210674452e-11
density,17,28,6.410405253344205e-11
density,17,29,6.409303274010631e-11
density,17,30,6.409177123476283e-11
density,17,31,6.412028706031443e-11
density,17,32,4.690752764495812e-12
density,17,33,0.0
density,18,0,0.0
density,18,1,1.2239344886409199e-26
density,18,2,1.2239532109657086e-26
density,18,3,1.2239532114605897e-26
density,18,4,1.2239532100578462e-26
density,18,5,1.5399631583613347e-26
density,18,6,1.5447058835412246e-26
density,18,7,3.8675920556243935e-24
density,18,8,9.109538528614907e-18
density,18,9,1.2512347316389486e-09
density,18,10,1.2267917460619397e-09
density,18,11,1.2133136663104964e-09
density,18,12,1.173550470665475e-09
density,18,13,1.1186310841348738e-09
density,18,14,1.0589137599130412e-09
density,18,15,9.9690373664737e-10
density,18,16,9.372549241756469e-10
density,18,17,8.840633454525297e-10
density,18,18,8.413920084482479e-10
density,18,19,8.095314133064258e-10
density,18,20,7.828252970806474e-10
density,18,21,7.598763610015206e-10
density,18,22,7.411273683910909e-10
density,18,23,7.246827213947658e-10
density,18,24,7.030678950507385e-10
density,18,25,6.431555278403877e-11
density,18,26,6.426305637217562e-11
density,18,27,6.426099589324624e-11
density,18,28,3.633500441313602e-13
density,18,29,3.6334985582095795e-13
density,18,30,6.422816190445486e-11
density,18,31,3.188825732158489e-13
density,18,32,4.0608370027020104e-16
density,18,33,0.0
density,19,0,0.0
density,19,1,1.2239531924091762e-26
density,19,2,1.2239531982357189e-26
density,19,3,1.2239531995020549e-26
density,19,4,1.223953198924144e-26
density,19,5,1.2239564527533999e-26
density,19,6,1.2239600287862421e-26
density,19,7,2.1457372944531836e-25
density,19,8,1.5416180601649883e-21
density,19,9,1.3795355277592307e-09
density,19,10,1.2573566781166193e-09
density,19,11,1.2503982450430362e-09
density,19,12,1.219260865191477e-09
density,19,13,1.1646505822407767e-09
density,19,14,1.1024859264828854e-09
density,19,15,1.0350707088212321e-09
density,19,16,9.68515334930307e-10
density,19,17,9.090681855345973e-10
density,19,18,8.600149144143564e-10
density,19,19,8.246186552632642e-10
density,19,20,7.946804735457578e-10
density,19,21,7.688209366159888e-10
density,19,22,7.477923686563693e-10
density,19,23,7.272419162564067e-10
density,19,24,7.082861538727687e-10
density,19,25,6.804668272375646e-10
density,19,26,6.446767983080741e-11
density,19,27,3.633492250226037e-13
density,19,28,3.633491669199059e-13
density,19,29,3.633491673884722e-13
density,19,30,3.6334921112153856e-13
density,19,31,3.8528653236508994e-15
density,19,32,8.551690085655148e-17
density,19,33,0.0
density,20,0,0.0
density,20,1,1.2239531829227391e-26
density,20,2,1.2239531896477624e-26
density,20,3,1.2239531904375281e-26
density,20,4,1.2239531899823864e-26
density,20,5,1.2239540716798795e-26
density,20,6,1.2239549512025571e-26
density,20,7,1.2239590893536076e-26
density,20,8,1.223963173922655e-26
density,20,9,8.261929364915472e-19
density,20,10,1.3451250570064913e-09
density,20,11,1.307277411412027e-09
density,20,12,1.2597331518197208e-09
density,20,13,1.2085340544277475e-09
density,20,14,1.1401835668373126e-09
density,20,15,1.0641877111689826e-09
density,20,16,9.89365425786651e-10
density,20,17,9.259488250595985e-10
density,20,18,8.734877788941487e-10
density,20,19,8.367143714009232e-10
density,20,20,8.049238323625479e-10
density,20,21,7.766920583662729e-10
density,20,22,7.566087832978051e-10
density,20,23,7.280538518545011e-10
density,20,24,3.633515651500589e-13
density,20,25,3.6334927944005026e-13
density,20,26,3.633491613412943e-13
density,20,27,3.6334916317840936e-13
density,20,28,3.6334916458082194e-13
density,20,29,3.6334916574552324e-13
density,20,30,3.633491666759662e-13
density,20,31,3.6334916884976406e-13
density,20,32,3.8520127526925276e-14
density,20,33,0.0
density,21,0,0.0
density,21,1,1.2239531796440296e-26
density,21,2,1.2239531876167925e-26
density,21,3,1.223953188338698e-26
density,21,4,1.2239531881785604e-26
density,21,5,1.2239535765420057e-26
density,21,6,1.2239539403596169e-26
density,21,7,1.2239556582947112e-26
density,21,8,1.5362208271710781e-26
density,21,9,4.103672614510625e-25
density,21,10,5.455384918044137e-20
density,21,11,4.401990761896485e-18
density,21,12,1.3754428130949418e-09
density,21,13,1.2965620200416823e-09
density,21,14,1.214718363148738e-09
density,21,15,1.114976317526682e-09
density,21,16,1.019146838632353e-09
density,21,17,9.464696531961149e-10
density,21,18,8.887404241808632e-10
density,21,19,8.513023729773424e-10
density,21,20,8.173507684920813e-10
density,21,21,7.837807929201494e-10
density,21,22,7.471532291782295e-10
density,21,23,3.633491579454924e-13
density,21,24,3.6334915801063437e-13
density,21,25,3.633491586381112e-13
density,21,26,3.6334915976219275e-13
density,21,27,3.63349161363424e-13
density,21,28,3.6334916276056874e-13
density,21,29,3.633491642406331e-13
density,21,30,3.6334916572786815e-13
density,21,31,3.633491672829916e-13
density,21,32,3.633489277899469e-13
density,21,33,0.0
density,22,0,0.0
density,22,1,1.223953184688401e-26
density,22,2,1.2239531927284944e-26
density,22,3,1.2239531930276415e-26
density,22,4,1.2239531926427973e-26
density,22,5,1.2239532042800451e-26
density,22,6,1.2239532429266742e-26
density,22,7,1.2239539246932078e-26
density,22,8,1.2246783646828699e-26
density,22,9,1.247921226608091e-26
density,22,10,5.1738707784908857e-20
density,22,11,5.190833924602281e-20
density,22,12,5.2466396557834716e-20
density,22,13,5.321470260134265e-20
density,22,14,1.1098471222593111e-19
density,22,15,3.94101565491668e-18
density,22,16,2.390376802699296e-18
density,22,17,2.9905870125644387e-19
density,22,18,6.366506275148391e-20
density,22,19,6.358272926918159e-20
density,22,20,6.353062661216168e-20
density,22,21,6.348186991387892e-20
density,22,22,3.633491497834468e-13
density,22,23,3.633491566327043e-13
density,22,24,3.633491573268817e-13
density,22,25,3.6334915803805144e-13
density,22,26,3.6334915896648726e-13
density,22,27,3.6334916007321615e-13
density,22,28,3.633491612135155e-13
density,22,29,3.63349162733276e-13
density,22,30,3.6334916433131637e-13
density,22,31,3.6334916613894546e-13
density,22,32,3.6334916411635593e-13
density,22,33,0.0
density,23,0,0.0
density,23,1,1.2239532059653331e-26
density,23,2,1.2239532124037861e-26
density,23,3,1.2239532115891404e-26
density,23,4,1.2239532101505895e-26
density,23,5,1.2239532184244492e-26
density,23,6,1.22395328789447e-26
density,23,7,1.22395558041834e-26
density,23,8,1.2327718440671165e-26
density,23,9,5.173813762741093e-20
density,23,10,5.173833236621161e-20
density,23,11,5.176002717271414e-20
density,23,12,5.173844905007903e-20
density,23,13,5.173850554773818e-20
density,23,14,5.178659285658892e-20
density,23,15,5.195476014925746e-20
density,23,16,6.291419619160678e-20
density,23,17,6.281883541646327e-20
density,23,18,6.278337623773485e-20
density,23,19,6.278336747368398e-20
density,23,20,6.278335924003148e-20
density,23,21,6.27834434922805e-20
density,23,22,6.331820999876389e-20
density,23,23,3.6334818170123967e-13
density,23,24,3.6334915671969993e-13
density,23,25,3.63349157414227e-13
density,23,26,3.6334915814615275e-13
density,23,27,3.6334915894676397e-13
density,23,28,3.633491597726091e-13
density,23,29,3.633491611909571e-13
density,23,30,3.633491627994766e-13
density,23,31,3.6334916485823597e-13
density,23,32,3.633491598729064e-13
density,23,33,0.0
density,24,0,0.0
density,24,1,1.2239532299312696e-26
density,24,2,1.2239532347479725e-26
density,24,3,1.2239532329744752e-26
density,24,4,1.2239532303178172e-26
density,24,5,1.223953235926857e-26
density,24,6,1.2239532427328605e-26
density,24,7,1.2239596917419098e-26
density,24,8,1.2753113695177355e-26
density,24,9,5.1738330588909213e-20
density,24,10,5.1738331141142644e-20
density,24,11,5.1738346855767983e-20
density,24,12,5.1738391037381956e-20
density,24,13,5.173842042294908e-20
density,24,14,5.1738423436458864e-20
density,24,15,5.173842791695938e-20
density,24,16,6.278334399697986e-20
density,24,17,6.278333442463843e-20
density,24,18,6.278332796306939e-20
density,24,19,6.278332152151347e-20
density,24,20,6.278331514321922e-20
density,24,21,6.278335946382839e-20
density,24,22,6.280528277141577e-20
density,24,23,6.445773890294756e-20
density,24,24,3.6334915517882885e-13
density,24,25,3.6334915698678915e-13
density,24,26,3.6334915761376e-13
density,24,27,3.633491583098795e-13
density,24,28,3.6334915904324926e-13
density,24,29,3.633491601151356e-13
density,24,30,3.6334916136382374e-13
density,24,31,3.6334915926458243e-13
density,24,32,1.0900723114063261e-13
density,24,33,0.0
density,25,0,0.0
density,25,1,1.2239532538738789e-26
density,25,2,1.2239532572086358e-26
density,25,3,1.2239532549141922e-26
density,25,4,1.2239532513011389e-26
density,25,5,1.2239537679418249e-26
density,25,6,1.2239541659010812e-26
density,25,7,1.2274137126822976e-26
density,25,8,5.1738328592264647e-20
density,25,9,5.1738329177277856e-20
density,25,10,5.173832969899853e-20
density,25,11,5.173833009208258e-20
density,25,12,5.173833037109999e-20
density,25,13,5.1738330648610863e-20
density,25,14,5.1738330907186314e-20
density,25,15,5.173833136134989e-20
density,25,16,6.278328259764002e-20
density,25,17,6.2783282483154e-20
density,25,18,6.278328236742209e-20
density,25,19,6.278328223321109e-20
density,25,20,6.27832820910275e-20
density,25,21,6.278328197752547e-20
density,25,22,6.278329915911295e-20
density,25,23,6.278405920028779e-20
density,25,24,3.6334914965268004e-13
density,25,25,3.6334915647922524e-13
density,25,26,3.63349157065728e-13
density,25,27,3.6334915767873754e-13
density,25,28,3.6334915830941525e-13
density,25,29,3.6334915901242174e-13
density,25,30,3.6334915851166727e-13
density,25,31,1.2610041384249337e-17
density,25,32,5.452677003596298e-21
density,25,33,0.0
density,26,0,0.0
density,26,1,1.2239532767404486e-26
density,26,2,1.2239532788348749e-26
density,26,3,1.2239532764166903e-26
density,26,4,1.2239532721908573e-26
density,26,5,1.2239552885796404e-26
density,26,6,1.2239576000361442e-26
density,26,7,1.2662433537552571e-26
density,26,8,5.1738327047162306e-20
density,26,9,5.1738327768245776e-20
density,26,10,5.173832820685257e-20
density,26,11,5.173832862550309e-20
density,26,12,5.173832892005506e-20
density,26,13,5.1738329197423986e-20
density,26,14,5.1738329433314323e-20
density,26,15,5.173832984281805e-20
density,26,16,6.278328207935812e-20
density,26,17,6.278328198019033e-20
density,26,18,6.278328187885547e-20
density,26,19,6.278328175402375e-20
density,26,20,6.278328162116587e-20
density,26,21,6.278328144629648e-20
density,26,22,6.278329833571789e-20
density,26,23,6.278328130826313e-20
density,26,24,6.323793401843748e-20
density,26,25,3.633491555935793e-13
density,26,26,3.633491566325489e-13
density,26,27,3.6334915705827903e-13
density,26,28,3.633491575698302e-13
density,26,29,3.633491531354603e-13
density,26,30,9.978945503257057e-21
density,26,31,2.1627269107297457e-21
density,26,32,2.5376334266793274e-22
density,26,33,0.0
density,27,0,0.0
density,27,1,1.2239532964121332e-26
density,27,2,1.2239532979014983e-26
density,27,3,1.2239532960749834e-26
density,27,4,1.2239532920702279e-26
density,27,5,1.2239581447214267e-26
density,27,6,1.2265972855720041e-26
density,27,7,5.1738324785475936e-20
density,27,8,5.173832564734985e-20
density,27,9,5.17383262267094e-20
density,27,10,5.1738326703645875e-20
density,27,11,5.173832713520165e-20
density,27,12,5.173832741872717e-20
density,27,13,5.173832767473636e-20
density,27,14,5.1738327882516923e-20
density,27,15,5.1738328243780695e-20
density,27,16,6.278328152606079e-20
density,27,17,6.278328144599347e-20
density,27,18,6.278328135879095e-20
density,27,19,6.278328124737123e-20
density,27,20,6.278328112287886e-20
density,27,21,6.278328093978734e-20
density,27,22,6.27832807901949e-20
density,27,23,6.278328070146033e-20
density,27,24,6.278357405198646e-20
density,27,25,6.430533650275122e-20
density,27,26,3.6334915413949186e-13
density,27,27,3.63349154768303e-13
density,27,28,3.633491497249326e-13
density,27,29,1.8630196296163053e-18
density,27,30,3.2434016590313955e-24
density,27,31,4.643139335946724e-22
density,27,32,7.072222751068894e-23
density,27,33,0.0
density,28,0,0.0
density,28,1,1.223929870442693e-26
density,28,2,1.2239533139189294e-26
density,28,3,1.2239533515726882e-26
density,28,4,1.2239533083313997e-26
density,28,5,1.2243569310955669e-26
density,28,6,5.145148158520907e-25
density,28,7,5.173832369366466e-20
density,28,8,5.173832440477851e-20
density,28,9,5.173832485038272e-20
density,28,10,5.173832528915881e-20
density,28,11,5.173832569963999e-20
density,28,12,5.1738325933837076e-20
density,28,13,5.173832614374707e-20
density,28,14,5.173832630531149e-20
density,28,15,5.1738326598916694e-20
density,28,16,6.278328094137689e-20
density,28,17,6.278328088763437e-20
density,28,18,6.278328081989438e-20
density,28,19,6.278328072580575e-20
density,28,20,6.278328061655759e-20
density,28,21,6.278328044932795e-20
density,28,22,6.278328027834988e-20
density,28,23,6.278328010687678e-20
density,28,24,6.278328013737484e-20
density,28,25,6.278330870743174e-20
density,28,26,6.303806780441312e-20
density,28,27,3.633339102765383e-13
density,28,28,3.0932707329435348e-21
density,28,29,6.740632199424242e-22
density,28,30,1.2017635462593325e-24
density,28,31,8.90140852765509e-25
density,28,32,4.1201521089484733e-25
density,28,33,0.0
density,29,0,0.0
density,29,1,5.569797048902743e-28
density,29,2,1.2239533363402813e-26
density,29,3,1.2239536716143956e-26
density,29,4,1.2239565283330553e-26
density,29,5,1.2525669071083355e-26
density,29,6,5.173832208838029e-20
density,29,7,5.173832261351699e-20
density,29,8,5.1738323196512454e-20
density,29,9,5.173832371800404e-20
density,29,10,5.173832419279856e-20
density,29,11,5.173832463078971e-20
density,29,12,5.173832484506015e-20
density,29,13,5.173832502398084e-20
density,29,14,5.1738325143505566e-20
density,29,15,5.17383253703115e-20
density,29,16,6.278328035509504e-20
density,29,17,6.278328034184082e-20
density,29,18,6.278328029957893e-20
density,29,19,6.278328022664956e-20
density,29,20,6.278328013274063e-20
density,29,21,6.278327998083976e-20
density,29,22,6.278327982329182e-20
density,29,23,6.278327966927897e-20
density,29,24,6.278327958920993e-20
density,29,25,6.278332436054482e-20
density,29,26,1.0668220798691638e-17
density,29,27,2.0114258786609023e-21
density,29,28,1.3151995799389464e-24
density,29,29,7.489527762190995e-25
density,29,30,3.416530613591277e-27
density,29,31,3.2157842648481056e-27
density,29,32,2.933950347189989e-27
density,29,33,0.0
density,30,0,0.0
density,30,1,4.4126438467641807e-32
density,30,2,4.154121318735185e-32
density,30,3,6.530121852063859e-31
density,30,4,8.968283815501366e-27
density,30,5,5.1738319846104454e-20
density,30,6,5.1738321044328726e-20
density,30,7,5.1738321624222567e-20
density,30,8,5.173832219366106e-20
density,30,9,5.1738322729926405e-20
density,30,10,5.17383232206005e-20
density,30,11,5.173832366958122e-20
density,30,12,5.1738323862431206e-20
density,30,13,5.173832400297598e-20
density,30,14,5.173832406742149e-20
density,30,15,5.173832420405732e-20
density,30,16,6.278327978346247e-20
density,30,17,6.278327982314564e-20
density,30,18,6.278327981186978e-20
density,30,19,6.278327976225853e-20
density,30,20,6.27832796847226e-20
density,30,21,6.278327954213037e-20
density,30,22,6.27832793872802e-20
density,30,23,6.27832792271021e-20
density,30,24,6.2783279085796e-20
density,30,25,6.278328780841389e-20
density,30,26,1.4950466315147312e-21
density,30,27,7.325611809001852e-25
density,30,28,4.963863358645003e-26
density,30,29,5.743081852866391e-26
density,30,30,2.4514356050927415e-27
density,30,31,2.442010209176559e-27
density,30,32,2.378349857934737e-27
density,30,33,0.0
density,31,0,0.0
density,31,1,7.953175878689515e-36
density,31,2,4.564275165028087e-36
density,31,3,1.610872257010598e-32
density,31,4,6.297219091542987e-29
density,31,5,3.235973084041599e-23
density,31,6,5.1738319554632477e-20
density,31,7,5.173832066237538e-20
density,31,8,5.173832125681935e-20
density,31,9,5.1738321854865606e-20
density,31,10,5.1738322381377104e-20
density,31,11,5.1738322849578474e-20
density,31,12,5.1738323021571836e-20
density,31,13,5.17383231100106e-20
density,31,14,5.173832308177565e-20
density,31,15,5.173832302443072e-20
density,31,16,6.278327914710928e-20
density,31,17,6.278327934109958e-20
density,31,18,6.278327937746975e-20
density,31,19,6.278327935720062e-20
density,31,20,6.278327929591715e-20
density,31,21,6.27832791540977e-20
density,31,22,6.278327898990353e-20
density,31,23,6.278327880836758e-20
density,31,24,6.27832786137896e-20
density,31,25,6.27832778359503e-20
density,31,26,2.5854893219664436e-22
density,31,27,3.650078652358793e-25
density,31,28,8.272512468369579e-26
density,31,29,1.987848490937138e-26
density,31,30,2.1722932120710544e-27
density,31,31,2.16548754768688e-27
density,31,32,2.1407615653613506e-27
density,31,33,0.0
density,32,0,0.0
density,32,1,3.539563724185306e-39
density,32,2,2.393905695450166e-36
density,32,3,1.2606807472126083e-32
density,32,4,6.488051290011614e-29
density,32,5,3.351497229770954e-25
density,32,6,3.960331565934009e-21
density,32,7,5.173830452251614e-20
density,32,8,5.1738319847166526e-20
density,32,9,5.1738320574480825e-20
density,32,10,5.173832120242854e-20
density,32,11,5.1738321715262443e-20
density,32,12,5.1738321851738726e-20
density,32,13,5.173832183343073e-20
density,32,14,5.1738321616396394e-20
density,32,15,5.173745630257368e-20
density,32,16,6.278238400660391e-20
density,32,17,6.278327829215823e-20
density,32,18,6.27832784936783e-20
density,32,19,6.278327856978835e-20
density,32,20,6.27832785480134e-20
density,32,21,6.278327839171567e-20
density,32,22,6.278327816144985e-20
density,32,23,6.27832778609988e-20
density,32,24,6.278327740709911e-20
density,32,25,7.94133874888041e-21
density,32,26,5.501300809934597e-25
density,32,27,4.872847117115634e-26
density,32,28,2.518991007357725e-26
density,32,29,1.1069613411206284e-26
density,32,30,2.0138280733075377e-27
density,32,31,2.002150009767021e-27
density,32,32,1.9677126218421766e-27
density,32,33,0.0
density,33,0,0.0
density,33,1,0.0
density,33,2,0.0
density,33,3,0.0
density,33,4,0.0
density,33,5,0.0
density,33,6,0.0
density,33,7,0.0
density,33,8,0.0
density,33,9,0.0
density,33,10,0.0
density,33,11,0.0
density,33,12,0.0
density,33,13,0.0
density,33,14,0.0
density,33,15,0.0
density,33,16,0.0
density,33,17,0.0
density,33,18,0.0
density,33,19,0.0
density,33,20,0.0
density,33,21,0.0
density,33,22,0.0
density,33,23,0.0
density,33,24,0.0
density,33,25,0.0
density,33,26,0.0
density,33,27,0.0
density,33,28,0.0
density,33,29,0.0
density,33,30,0.0
density,33,31,0.0
density,33,32,0.0
density,33,33,0.0
